{
  "info": {
    "name": "Country API Collection",
    "_postman_id": "d4e2b8fa-1234-4c66-9c21-abc123xyz789",
    "description": "API collection for Country List and Search Country.",
    "schema": "https://schema.getpostman.com/json/collection/v2.1.0/collection.json"
  },
  "item": [
    {
      "name": "Get Country List",
      "request": {
        "method": "GET",
        "header": [],
        "url": {
          "raw": "{{base_url}}/api/country-list",
          "host": [
            "{{base_url}}"
          ],
          "path": [
            "api",
            "country-list"
          ]
        },
        "description": "Returns a list of all countries."
      },
      "response": []
    },
    {
      "name": "Search Country by Name",
      "request": {
        "method": "GET",
        "header": [],
        "url": {
          "raw": "{{base_url}}/api/country-search?name={{searchName}}",
          "host": [
            "{{base_url}}"
          ],
          "path": [
            "api",
            "country-search"
          ],
          "query": [
            {
              "key": "name",
              "value": "{{searchName}}",
              "description": "Country name or partial name"
            }
          ]
        },
        "description": "Returns countries that match the search query."
      },
      "response": []
    }
  ],
  "variable": [
    {
      "key": "base_url",
      "value": "http://127.0.0.1:8000",
      "type": "string"
    },
    {
      "key": "searchName",
      "value": "can",
      "type": "string"
    }
  ]
}
