{
	"info": {
		"_postman_id": "a0201fa7-c540-4c3e-9181-ca3d04108e8d",
		"name": "CRUD",
		"schema": "https://schema.getpostman.com/json/collection/v2.1.0/collection.json",
		"_exporter_id": "39406886",
		"_collection_link": "https://flutter-0473.postman.co/workspace/API-Practice~b338f193-e70b-461b-8a1a-c9d0703bebdc/collection/39406886-a0201fa7-c540-4c3e-9181-ca3d04108e8d?action=share&source=collection_link&creator=39406886"
	},
	"item": [
		{
			"name": "GetProductList",
			"request": {
				"method": "GET",
				"header": [],
				"url": {
					"raw": "https://crud.teamrabbil.com/api/v1/ReadProduct",
					"protocol": "https",
					"host": [
						"crud",
						"teamrabbil",
						"com"
					],
					"path": [
						"api",
						"v1",
						"ReadProduct"
					]
				}
			},
			"response": []
		},
		{
			"name": "CreateProduct",
			"request": {
				"method": "POST",
				"header": [],
				"body": {
					"mode": "raw",
					"raw": "{\n    \"Img\":\"ABC1231\",\n    \"ProductCode\":\"ABC1223\",\n    \"ProductName\":\"Name Name\",\n    \"Qty\":\"1\",\n    \"TotalPrice\":\"10\",\n    \"UnitPrice\":\"1\"\n}",
					"options": {
						"raw": {
							"language": "json"
						}
					}
				},
				"url": {
					"raw": "https://crud.teamrabbil.com/api/v1/CreateProduct",
					"protocol": "https",
					"host": [
						"crud",
						"teamrabbil",
						"com"
					],
					"path": [
						"api",
						"v1",
						"CreateProduct"
					]
				}
			},
			"response": []
		},
		{
			"name": "UpdateProduct",
			"request": {
				"method": "POST",
				"header": [],
				"body": {
					"mode": "raw",
					"raw": "{\n    \"Img\":\"qwdadaad\",\n    \"ProductCode\":\"asdasds\",\n    \"ProductName\":\"asdasda\",\n    \"Qty\":\"adad\",\n    \"TotalPrice\":\"asdasd\",\n    \"UnitPrice\":\"sadasdas\"\n}",
					"options": {
						"raw": {
							"language": "json"
						}
					}
				},
				"url": {
					"raw": "https://crud.teamrabbil.com/api/v1/UpdateProduct/689f5cbbf6f16340e3758eeb",
					"protocol": "https",
					"host": [
						"crud",
						"teamrabbil",
						"com"
					],
					"path": [
						"api",
						"v1",
						"UpdateProduct",
						"689f5cbbf6f16340e3758eeb"
					]
				}
			},
			"response": []
		},
		{
			"name": "DeleteProduct",
			"request": {
				"method": "GET",
				"header": [],
				"url": {
					"raw": "https://crud.teamrabbil.com/api/v1/DeleteProduct/689f5cbbf6f16340e3758eeb",
					"protocol": "https",
					"host": [
						"crud",
						"teamrabbil",
						"com"
					],
					"path": [
						"api",
						"v1",
						"DeleteProduct",
						"689f5cbbf6f16340e3758eeb"
					]
				}
			},
			"response": []
		},
		{
			"name": "ProductDetails",
			"request": {
				"method": "GET",
				"header": [],
				"url": {
					"raw": "https://crud.teamrabbil.com/api/v1/ReadProductByID/689f5cbbf6f16340e3758eeb",
					"protocol": "https",
					"host": [
						"crud",
						"teamrabbil",
						"com"
					],
					"path": [
						"api",
						"v1",
						"ReadProductByID",
						"689f5cbbf6f16340e3758eeb"
					]
				}
			},
			"response": []
		}
	]
}