{
	"info": {
		"_postman_id": "e9f7c12d-cfbe-47cc-b93c-54f5c7ca9831",
		"name": "Payment Intigration",
		"schema": "https://schema.getpostman.com/json/collection/v2.1.0/collection.json",
		"_exporter_id": "39406886"
	},
	"item": [
		{
			"name": "Test Run",
			"request": {
				"method": "POST",
				"header": [],
				"body": {
					"mode": "formdata",
					"formdata": [
						{
							"key": "store_id",
							"value": "teamr600c004f8da4d",
							"type": "text"
						},
						{
							"key": "store_passwd",
							"value": "teamr600c004f8da4d@ssl",
							"type": "text"
						},
						{
							"key": "total_amount",
							"value": "100",
							"type": "text"
						},
						{
							"key": "currency",
							"value": "BDT",
							"type": "text"
						},
						{
							"key": "tran_id",
							"value": "AbcXyz908765RT",
							"type": "text"
						},
						{
							"key": "success_url",
							"value": "http://127.0.0.1:8000/PaymentSuccess",
							"type": "text"
						},
						{
							"key": "fail_url",
							"value": "http://127.0.0.1:8000/PaymentFail",
							"type": "text"
						},
						{
							"key": "cancel_url",
							"value": "http://127.0.0.1:8000/PaymentCancel",
							"type": "text"
						},
						{
							"key": "ipn_url",
							"value": "http://127.0.0.1:8000/api/PaymentIPN",
							"type": "text"
						},
						{
							"key": "cus_name",
							"value": "Rabbil",
							"type": "text"
						},
						{
							"key": "cus_email",
							"value": "engr.rabbil@yahoo.com",
							"type": "text"
						},
						{
							"key": "cus_add1",
							"value": "Dhaka",
							"type": "text"
						},
						{
							"key": "cus_add2",
							"value": "Gulshan",
							"type": "text"
						},
						{
							"key": "cus_city",
							"value": "Dhaka",
							"type": "text"
						},
						{
							"key": "cus_state",
							"value": "Dhaka",
							"type": "text"
						},
						{
							"key": "cus_postcode",
							"value": "1207",
							"type": "text"
						},
						{
							"key": "cus_country",
							"value": "Bangladesh",
							"type": "text"
						},
						{
							"key": "cus_phone",
							"value": "01774688159",
							"type": "text"
						},
						{
							"key": "cus_fax",
							"value": "01774688159",
							"type": "text"
						},
						{
							"key": "shipping_method",
							"value": "SA Paribahan",
							"type": "text"
						},
						{
							"key": "ship_name",
							"value": "Salif Al Hasan",
							"type": "text"
						},
						{
							"key": "ship_add1",
							"value": "Dhaka",
							"type": "text"
						},
						{
							"key": "ship_add2",
							"value": "Gulshan",
							"type": "text"
						},
						{
							"key": "ship_city",
							"value": "Dhaka",
							"type": "text"
						},
						{
							"key": "ship_state",
							"value": "Dhaka",
							"type": "text"
						},
						{
							"key": "ship_country",
							"value": "Bangladesh",
							"type": "text"
						},
						{
							"key": "ship_postcode",
							"value": "1207",
							"type": "text"
						},
						{
							"key": "product_name",
							"value": "Macbook Laptop",
							"type": "text"
						},
						{
							"key": "product_category",
							"value": "Laptop",
							"type": "text"
						},
						{
							"key": "product_profile",
							"value": "Electronics",
							"type": "text"
						},
						{
							"key": "product_amount",
							"value": "10",
							"type": "text"
						}
					]
				},
				"url": {
					"raw": "https://sandbox.sslcommerz.com/gwprocess/v4/api.php",
					"protocol": "https",
					"host": [
						"sandbox",
						"sslcommerz",
						"com"
					],
					"path": [
						"gwprocess",
						"v4",
						"api.php"
					]
				}
			},
			"response": []
		}
	]
}