{
	"info": {
		"_postman_id": "544fd39a-98dc-4fd3-be49-3a97b2885e0c",
		"name": "Task Manager",
		"schema": "https://schema.getpostman.com/json/collection/v2.1.0/collection.json",
		"_exporter_id": "39406886"
	},
	"item": [
		{
			"name": "registration",
			"request": {
				"method": "POST",
				"header": [],
				"body": {
					"mode": "raw",
					"raw": "{\r\n\r\n    \"email\":\"rabbil@rabbil.com\",\r\n    \"firstName\":\"Rabbil\",\r\n    \"lastName\":\"Hasan\",\r\n    \"mobile\":\"01785388919\",\r\n    \"password\":\"1234\",\r\n    \"photo\":\"\"\r\n\r\n}",
					"options": {
						"raw": {
							"language": "json"
						}
					}
				},
				"url": {
					"raw": "{{BaseURL}}/registration",
					"host": [
						"{{BaseURL}}"
					],
					"path": [
						"registration"
					]
				}
			},
			"response": []
		},
		{
			"name": "login",
			"request": {
				"method": "POST",
				"header": [],
				"body": {
					"mode": "raw",
					"raw": "{\r\n    \"email\":\"engr.rabbil@yahoo.com\",\r\n    \"password\":\"abc123\"\r\n}",
					"options": {
						"raw": {
							"language": "json"
						}
					}
				},
				"url": {
					"raw": "{{BaseURL}}/login",
					"host": [
						"{{BaseURL}}"
					],
					"path": [
						"login"
					]
				}
			},
			"response": []
		},
		{
			"name": "profileUpdate",
			"request": {
				"method": "POST",
				"header": [
					{
						"key": "token",
						"value": "{{token}}",
						"type": "text"
					}
				],
				"body": {
					"mode": "raw",
					"raw": "{\r\n    \"mobile\":\"0170xxxxxxxx\"\r\n}",
					"options": {
						"raw": {
							"language": "json"
						}
					}
				},
				"url": {
					"raw": "{{BaseURL}}/profileUpdate",
					"host": [
						"{{BaseURL}}"
					],
					"path": [
						"profileUpdate"
					]
				}
			},
			"response": []
		},
		{
			"name": "createTask",
			"request": {
				"method": "POST",
				"header": [
					{
						"key": "token",
						"value": "{{token}}",
						"type": "text"
					}
				],
				"body": {
					"mode": "raw",
					"raw": "{\r\n    \"title\":\"My Task\",\r\n    \"description\":\"My Task\",\r\n    \"status\":\"New\"\r\n}",
					"options": {
						"raw": {
							"language": "json"
						}
					}
				},
				"url": {
					"raw": "{{BaseURL}}/createTask",
					"host": [
						"{{BaseURL}}"
					],
					"path": [
						"createTask"
					]
				}
			},
			"response": []
		},
		{
			"name": "updateTaskStatus",
			"request": {
				"method": "GET",
				"header": [
					{
						"key": "token",
						"value": "{{token}}",
						"type": "text"
					}
				],
				"url": {
					"raw": "{{BaseURL}}/updateTaskStatus/62b7582fac0007cc76c29b53/Progress",
					"host": [
						"{{BaseURL}}"
					],
					"path": [
						"updateTaskStatus",
						"62b7582fac0007cc76c29b53",
						"Progress"
					]
				}
			},
			"response": []
		},
		{
			"name": "listTaskByStatus",
			"request": {
				"method": "GET",
				"header": [
					{
						"key": "token",
						"value": "{{token}}",
						"type": "text"
					}
				],
				"url": {
					"raw": "{{BaseURL}}/listTaskByStatus/Completed",
					"host": [
						"{{BaseURL}}"
					],
					"path": [
						"listTaskByStatus",
						"Completed"
					]
				}
			},
			"response": []
		},
		{
			"name": "deleteTask",
			"request": {
				"method": "GET",
				"header": [
					{
						"key": "token",
						"value": "{{token}}",
						"type": "text"
					}
				],
				"url": {
					"raw": "{{BaseURL}}/deleteTask/6797c100bc56fcf46c990fe4",
					"host": [
						"{{BaseURL}}"
					],
					"path": [
						"deleteTask",
						"6797c100bc56fcf46c990fe4"
					]
				}
			},
			"response": []
		},
		{
			"name": "taskStatusCount",
			"request": {
				"method": "GET",
				"header": [
					{
						"key": "token",
						"value": "{{token}}",
						"type": "text"
					}
				],
				"url": {
					"raw": "{{BaseURL}}/taskStatusCount",
					"host": [
						"{{BaseURL}}"
					],
					"path": [
						"taskStatusCount"
					]
				}
			},
			"response": []
		},
		{
			"name": "RecoverVerifyEmail",
			"request": {
				"method": "GET",
				"header": [],
				"url": {
					"raw": "{{BaseURL}}/RecoverVerifyEmail/engr.rabbil@yahoo.com",
					"host": [
						"{{BaseURL}}"
					],
					"path": [
						"RecoverVerifyEmail",
						"engr.rabbil@yahoo.com"
					]
				}
			},
			"response": []
		},
		{
			"name": "RecoverVerifyOTP",
			"request": {
				"method": "GET",
				"header": [],
				"url": {
					"raw": "{{BaseURL}}/RecoverVerifyOTP/engr.rabbil@yahoo.com/3344",
					"host": [
						"{{BaseURL}}"
					],
					"path": [
						"RecoverVerifyOTP",
						"engr.rabbil@yahoo.com",
						"3344"
					]
				}
			},
			"response": []
		},
		{
			"name": "RecoverResetPass",
			"request": {
				"method": "POST",
				"header": [],
				"body": {
					"mode": "raw",
					"raw": "{\r\n    \"email\":\"\",\r\n    \"OTP\":\"\",\r\n    \"password\":\"\"\r\n}",
					"options": {
						"raw": {
							"language": "json"
						}
					}
				},
				"url": {
					"raw": "{{BaseURL}}/RecoverResetPass",
					"host": [
						"{{BaseURL}}"
					],
					"path": [
						"RecoverResetPass"
					]
				}
			},
			"response": []
		}
	],
	"event": [
		{
			"listen": "prerequest",
			"script": {
				"type": "text/javascript",
				"exec": [
					""
				]
			}
		},
		{
			"listen": "test",
			"script": {
				"type": "text/javascript",
				"exec": [
					""
				]
			}
		}
	],
	"variable": [
		{
			"key": "BaseURL",
			"value": "https://task.teamrabbil.com/api/v1",
			"type": "string"
		},
		{
			"key": "token",
			"value": "",
			"type": "string"
		}
	]
}