{
	"info": {
		"_postman_id": "35ac83cf-e786-4c7f-9ccf-dd3db4851dff",
		"name": "Weather API",
		"schema": "https://schema.getpostman.com/json/collection/v2.1.0/collection.json",
		"_exporter_id": "39406886",
		"_collection_link": "https://flutter-0473.postman.co/workspace/API-Practice~b338f193-e70b-461b-8a1a-c9d0703bebdc/collection/39406886-35ac83cf-e786-4c7f-9ccf-dd3db4851dff?action=share&source=collection_link&creator=39406886"
	},
	"item": [
		{
			"name": "Current Weather",
			"request": {
				"method": "GET",
				"header": [],
				"url": {
					"raw": "http://api.weatherapi.com/v1/current.json?key=291e2d051e624ed488974910240410&q=Dhaka",
					"protocol": "http",
					"host": [
						"api",
						"weatherapi",
						"com"
					],
					"path": [
						"v1",
						"current.json"
					],
					"query": [
						{
							"key": "key",
							"value": "291e2d051e624ed488974910240410"
						},
						{
							"key": "q",
							"value": "Dhaka"
						}
					]
				}
			},
			"response": []
		}
	]
}